日付,順位,トラフィック,CTR,文字数,バックリンク数,ページ速度,更新からの日数,内部リンク数,H2見出し数,ドメインオーソリティ,画像数,動画数
2024-07-01,12,450,2.1,1800,12,3.2,30,5,3,35,2,0
2024-07-02,12,468,2.2,1800,12,3.2,31,5,3,35,2,0
2024-07-03,11,492,2.3,1800,13,3.2,32,5,3,35,2,0
2024-07-04,11,510,2.3,1800,13,3.2,33,5,3,35,2,0
2024-07-05,11,485,2.2,1800,14,3.2,34,5,3,36,2,0
2024-07-06,10,523,2.4,1800,14,3.1,35,5,3,36,2,0
2024-07-07,10,541,2.5,1800,15,3.1,36,5,3,36,2,0
2024-07-08,10,556,2.5,2200,15,3.1,0,6,4,36,3,0
2024-07-09,9,612,2.7,2200,16,3.1,1,6,4,37,3,0
2024-07-10,9,628,2.8,2200,17,3.0,2,6,4,37,3,0
2024-07-11,8,695,3.0,2200,18,3.0,3,6,4,37,3,0
2024-07-12,8,702,3.1,2200,19,3.0,4,6,4,38,3,0
2024-07-13,8,715,3.1,2200,20,2.9,5,6,4,38,3,0
2024-07-14,7,823,3.3,2200,21,2.9,6,6,4,38,3,0
2024-07-15,7,845,3.4,2800,22,2.9,0,8,5,39,4,1
2024-07-16,6,921,3.6,2800,23,2.8,1,8,5,39,4,1
2024-07-17,6,948,3.7,2800,24,2.8,2,8,5,39,4,1
2024-07-18,6,972,3.8,2800,25,2.8,3,8,5,40,4,1
2024-07-19,5,1085,4.0,2800,26,2.7,4,8,5,40,4,1
2024-07-20,5,1102,4.1,2800,27,2.7,5,8,5,40,4,1
2024-07-21,5,1123,4.1,2800,28,2.7,6,8,5,41,4,1
2024-07-22,5,1156,4.2,3200,29,2.6,0,10,6,41,5,1
2024-07-23,4,1289,4.5,3200,30,2.6,1,10,6,41,5,1
2024-07-24,4,1312,4.6,3200,31,2.6,2,10,6,42,5,1
2024-07-25,4,1345,4.7,3200,32,2.5,3,10,6,42,5,1
2024-07-26,4,1378,4.8,3200,33,2.5,4,10,6,42,5,1
2024-07-27,3,1512,5.2,3200,34,2.5,5,10,6,43,5,1
2024-07-28,3,1543,5.3,3200,35,2.4,6,10,6,43,5,1
2024-07-29,3,1576,5.4,3500,36,2.4,0,12,7,43,6,2
2024-07-30,3,1602,5.5,3500,37,2.4,1,12,7,44,6,2
2024-07-31,2,1745,5.9,3500,38,2.3,2,12,7,44,6,2
2024-08-01,2,1782,6.0,3500,39,2.3,3,12,7,44,6,2
2024-08-02,2,1815,6.1,3500,40,2.3,4,12,7,45,6,2
2024-08-03,2,1848,6.2,3500,41,2.2,5,12,7,45,6,2
2024-08-04,2,1879,6.3,3500,42,2.2,6,12,7,45,6,2
2024-08-05,2,1912,6.4,4000,43,2.2,0,14,8,46,7,2
2024-08-06,1,2156,7.2,4000,44,2.1,1,14,8,46,7,2
2024-08-07,1,2189,7.3,4000,45,2.1,2,14,8,46,7,2
2024-08-08,1,2223,7.4,4000,46,2.1,3,14,8,47,7,2
2024-08-09,1,2258,7.5,4000,47,2.0,4,14,8,47,7,2
2024-08-10,1,2291,7.6,4000,48,2.0,5,14,8,47,7,2
2024-08-11,1,2324,7.7,4000,49,2.0,6,14,8,48,7,2
2024-08-12,1,2356,7.8,4200,50,1.9,0,15,9,48,8,3
2024-08-13,1,2389,7.9,4200,51,1.9,1,15,9,48,8,3
2024-08-14,1,2421,8.0,4200,52,1.9,2,15,9,49,8,3
2024-08-15,1,2453,8.1,4200,53,1.8,3,15,9,49,8,3
2024-08-16,1,2485,8.2,4200,54,1.8,4,15,9,49,8,3
2024-08-17,1,2516,8.3,4200,55,1.8,5,15,9,50,8,3
2024-08-18,1,2547,8.4,4200,56,1.7,6,15,9,50,8,3
2024-08-19,1,2578,8.5,4500,57,1.7,0,16,10,50,9,3
2024-08-20,1,2608,8.6,4500,58,1.7,1,16,10,51,9,3
2024-08-21,1,2638,8.7,4500,59,1.6,2,16,10,51,9,3
2024-08-22,1,2668,8.8,4500,60,1.6,3,16,10,51,9,3
2024-08-23,1,2697,8.9,4500,61,1.6,4,16,10,52,9,3
2024-08-24,1,2726,9.0,4500,62,1.5,5,16,10,52,9,3
2024-08-25,1,2754,9.1,4500,63,1.5,6,16,10,52,9,3
2024-08-26,1,2782,9.2,4800,64,1.5,0,18,11,53,10,4
2024-08-27,1,2810,9.3,4800,65,1.4,1,18,11,53,10,4
2024-08-28,1,2837,9.4,4800,66,1.4,2,18,11,53,10,4
2024-08-29,1,2864,9.5,4800,67,1.4,3,18,11,54,10,4
2024-08-30,1,2890,9.6,4800,68,1.3,4,18,11,54,10,4
2024-08-31,1,2916,9.7,4800,69,1.3,5,18,11,54,10,4
2024-09-01,1,2942,9.8,4800,70,1.3,6,18,11,55,10,4
2024-09-02,1,2967,9.9,5000,71,1.2,0,20,12,55,11,4
2024-09-03,1,2992,10.0,5000,72,1.2,1,20,12,55,11,4
2024-09-04,1,3016,10.1,5000,73,1.2,2,20,12,56,11,4
2024-09-05,1,3040,10.2,5000,74,1.1,3,20,12,56,11,4
2024-09-06,1,3064,10.3,5000,75,1.1,4,20,12,56,11,4
2024-09-07,1,3087,10.4,5000,76,1.1,5,20,12,57,11,4
2024-09-08,1,3110,10.5,5000,77,1.0,6,20,12,57,11,4
2024-09-09,1,3132,10.6,5200,78,1.0,0,22,13,57,12,5
2024-09-10,1,3154,10.7,5200,79,1.0,1,22,13,58,12,5
2024-09-11,1,3176,10.8,5200,80,0.9,2,22,13,58,12,5
2024-09-12,1,3197,10.9,5200,81,0.9,3,22,13,58,12,5
2024-09-13,1,3218,11.0,5200,82,0.9,4,22,13,59,12,5
2024-09-14,1,3239,11.1,5200,83,0.8,5,22,13,59,12,5
2024-09-15,1,3259,11.2,5200,84,0.8,6,22,13,59,12,5
2024-09-16,1,3279,11.3,5400,85,0.8,0,24,14,60,13,5
2024-09-17,1,3299,11.4,5400,86,0.7,1,24,14,60,13,5
2024-09-18,1,3318,11.5,5400,87,0.7,2,24,14,60,13,5
2024-09-19,1,3337,11.6,5400,88,0.7,3,24,14,61,13,5
2024-09-20,1,3355,11.7,5400,89,0.6,4,24,14,61,13,5
2024-09-21,1,3373,11.8,5400,90,0.6,5,24,14,61,13,5
2024-09-22,1,3391,11.9,5400,91,0.6,6,24,14,62,13,5
2024-09-23,1,3408,12.0,5600,92,0.5,0,25,15,62,14,6
2024-09-24,1,3425,12.1,5600,93,0.5,1,25,15,62,14,6
2024-09-25,1,3442,12.2,5600,94,0.5,2,25,15,63,14,6
2024-09-26,1,3458,12.3,5600,95,0.4,3,25,15,63,14,6
2024-09-27,1,3474,12.4,5600,96,0.4,4,25,15,63,14,6
2024-09-28,1,3490,12.5,5600,97,0.4,5,25,15,64,14,6
2024-09-29,1,3505,12.6,5600,98,0.3,6,25,15,64,14,6
2024-09-30,1,3520,12.7,5800,99,0.3,0,26,16,64,15,6